id;country;name;surname;type;email;phone;resume;contact;lang
1;Japan;Colorado Colorado;turquoise cross-platform port;WELLNESS;Angela0@yahoo.com;(697) 842-5159 x2881;withdrawal Liechtenstein Card;quantifying Flats;Towels
2;Micronesia;Cambridgeshire Kina York;Colombia;WELLNESS;Mose.Bashirian90@hotmail.com;(925) 776-0342 x2614;Associate Pakistan generating;programming user-facing PNG;Rubber 1080p
3;Papua New Guinea;Cove;Intranet Seamless;FITNESS;Melvin.Zieme@yahoo.com;1-649-219-4108;bandwidth;Steel Multi-layered;e-services index
4;Spain;Savings;indigo compressing;FITNESS;Ivory_Mills35@yahoo.com;(866) 465-6822;Clothing Bedfordshire;Sausages Facilitator;Kids
5;Zambia;Plastic metrics redundant;system;FITNESS;Clovis.Bartell45@gmail.com;(989) 293-9623;back-end Avon Cambridgeshire;Plastic Shoes;1080p Response Jan
6;Saudi Arabia;Outdoors;Steel Public-key withdrawal;FITNESS;Delta.Jaskolski@yahoo.com;1-841-623-1848 x720;Account multi-byte Assistant;Frozen;Shirt Cambridgeshire Granite
7;San Marino;drive Incredible;Group wireless Architect;FITNESS;Adalberto.Dietrich@hotmail.com;(756) 788-4461 x5897;Ergonomic Assistant European;Avon;Analyst Gloves Decentralized
8;Gibraltar;generate;Direct value-added Gorgeous;FITNESS;Leila_West66@hotmail.com;448.835.7122 x7724;Account;Unbranded Industrial solutions;matrix Beauty
9;Lithuania;deposit seize;analyzing Kuwait;FITNESS;Rosie_Grimes83@hotmail.com;1-377-381-6093 x5630;synthesizing Representative Soft;Kiribati Cambridgeshire Pike;Home Designer
10;Cape Verde;Money;Operations open-source;FITNESS;Angelita1@hotmail.com;565-459-0499;Radial communities Towels;Berkshire;product invoice quantifying
