id;name;surname;email;license;start;jhi_end
1;Alaska;utilize;Karine.Toy@yahoo.com;synergy transform;2023-01-01T19:43:10;2023-01-02T05:36:49
2;leading-edge;empower Intelligent Forint;Vaughn76@hotmail.com;time-frame;2023-01-01T20:50:45;2023-01-01T16:46:29
3;Loan Supervisor Ports;Sausages model Designer;Kevon94@gmail.com;Buckinghamshire monetize;2023-01-01T13:45:01;2023-01-01T18:45:47
4;cyan CFA;Security Avon;Elena41@yahoo.com;SSL;2023-01-01T21:06:18;2023-01-01T17:42:12
5;upward-trending;Equatorial wireless;Timmothy_Kris98@yahoo.com;Kids payment Fish;2023-01-02T00:53:32;2023-01-01T18:07:26
6;Frozen;Ergonomic Tasty compress;Walker44@gmail.com;Shilling;2023-01-02T06:42:21;2023-01-02T07:45:20
7;Granite Switchable Tasty;Awesome Future Concrete;Antonia90@gmail.com;web;2023-01-02T08:19:05;2023-01-01T23:28:54
8;Wooden;Cedi Ball Tasty;Johnny.Gibson4@hotmail.com;PCI Loan;2023-01-01T19:04:18;2023-01-01T19:40:34
9;Roads Associate;Cambridgeshire Wooden;Gerardo_Lang@gmail.com;Data platforms;2023-01-02T03:14:56;2023-01-01T15:29:02
10;synergies microchip programming;Cliff Keyboard calculate;Haylee.Rosenbaum@gmail.com;Cotton;2023-01-01T13:48:55;2023-01-01T19:32:23
